dc_gain;gain_margin;phase_margin;bw_3db;gain_bw;vcm_err
47.1455;-9.57211;61.4999;207017.0;51228600.0;0.002523438
44.8229;-9.9307;64.5569;245086.0;48682000.0;0.01520574
46.3421;-9.63473;61.8204;228009.0;51891500.0;0.01174944
44.6482;-9.93246;64.7202;248711.0;48639400.0;0.01637787
45.2216;-9.91678;64.055;237415.0;48814900.0;0.0139052
45.6358;-9.85549;63.5306;231183.0;49072000.0;0.01107272
41.9859;-10.4175;67.1973;297154.0;44809200.0;0.02031546
32.7754;-11.1453;72.3986;599553.0;38848300.0;0.0267547
46.7651;-9.63541;61.4848;215913.0;51095900.0;0.005474977
39.1572;-10.6207;69.1689;368317.0;42753600.0;0.0227545
45.1221;-9.88121;64.1517;238595.0;49022900.0;0.01398859
36.5019;-10.8788;70.6845;449631.0;40771200.0;0.02492743
44.4751;-10.0176;64.7135;252207.0;48106500.0;0.0158984
42.4171;-10.3309;66.7388;291018.0;45870500.0;0.02128149
43.2979;-10.2406;66.5331;264097.0;45690400.0;0.01660877
46.822;-9.54805;61.7542;215506.0;51840100.0;0.006786055
38.7217;-10.7533;69.6028;376020.0;41921500.0;0.0237199
45.7579;-9.74869;63.5376;229134.0;49825500.0;0.0123093
46.7516;-9.57847;61.7837;215540.0;51507400.0;0.006927902
47.2186;-9.50917;61.1818;207929.0;51938800.0;0.002370762
37.5687;-10.7667;70.0778;420631.0;42001400.0;0.02558087
47.0398;-9.54118;61.5999;208874.0;51535200.0;0.004344156
43.9453;-10.175;65.5175;258828.0;46961500.0;0.01740058
45.1731;-9.93028;64.0099;237546.0;48553500.0;0.01356894
43.9823;-10.0972;65.5451;258838.0;47266200.0;0.0169293
32.081;-11.1658;72.9467;625668.0;38581900.0;0.02672964
44.6307;-10.0622;64.868;244818.0;47419600.0;0.01410329
45.5564;-9.83159;63.7882;230686.0;49460000.0;0.01237354
45.7901;-9.73954;63.1849;230036.0;50284400.0;0.01201015
44.0798;-10.072;65.018;260296.0;47999500.0;0.0186532
41.172;-10.513;67.4033;318784.0;44407000.0;0.02297556
47.0923;-9.5331;61.046;212703.0;52173100.0;0.002713272
47.2041;-9.44922;60.6894;212648.0;53000600.0;0.001743241
47.1093;-9.48117;61.0598;211804.0;52381800.0;0.00302597
36.2606;-10.8847;70.6661;457494.0;40874000.0;0.02578011
47.2653;-9.49953;61.1958;207047.0;51981500.0;0.001175098
32.7214;-11.1355;72.7305;583946.0;38487500.0;0.02506981
33.4498;-11.0401;72.1127;573752.0;39614200.0;0.02819195
36.5506;-10.8826;70.7719;446064.0;41060300.0;0.02719001
32.045;-11.29;72.9597;613346.0;37503100.0;0.02266495
46.9475;-9.53325;61.361;213876.0;52198900.0;0.006105467
47.1606;-9.55847;61.2008;208907.0;51667800.0;0.001481729
45.87;-9.79797;63.0265;228881.0;49835400.0;0.01125467
47.0865;-9.48275;60.6286;217459.0;53361300.0;0.0009852766
40.3198;-10.535;68.2557;340791.0;43865500.0;0.02417735
42.3421;-10.2515;66.8149;292761.0;46198300.0;0.02187283
45.7395;-9.79177;63.5926;227840.0;49454100.0;0.01124508
36.5959;-10.9008;70.6737;444105.0;40757100.0;0.02513039
44.5354;-10.0317;64.7211;251084.0;48069900.0;0.01609108
46.1896;-9.72549;63.0113;220718.0;50028600.0;0.009709117
44.5069;-10.0437;64.6914;250682.0;47920700.0;0.01597783
38.942;-10.6334;69.3522;373971.0;42406400.0;0.02298297
46.8148;-9.57402;62.3703;209976.0;50930900.0;0.006509568
46.6905;-9.59109;61.9399;216356.0;51470500.0;0.007352296
45.2458;-9.88655;64.0069;236569.0;48799700.0;0.0131298
46.3718;-9.66127;62.7942;216977.0;50210600.0;0.00877286
28.7979;-11.383;74.3321;800192.0;37038600.0;0.02627368
46.8851;-9.60229;61.8648;210863.0;50859600.0;0.005304792
44.1008;-10.033;65.3092;256226.0;47648000.0;0.01673145
42.3602;-10.2839;66.8963;290806.0;45768900.0;0.02053003
42.2819;-10.303;67.1825;291300.0;45645500.0;0.02085331
47.232;-9.49863;61.2522;206519.0;51812000.0;0.001714687
45.8806;-9.85192;62.8633;231253.0;50058900.0;0.01144865
45.7648;-9.77099;63.1615;232498.0;50420000.0;0.01341739
41.4585;-10.4407;67.7304;307358.0;44542500.0;0.02102585
45.8505;-9.79987;63.1385;226851.0;49420900.0;0.0104991
37.666;-10.8247;69.9773;418639.0;41947400.0;0.02721216
45.9264;-9.79035;62.9332;229377.0;50031900.0;0.01157772
44.156;-10.0846;65.4456;252404.0;47107100.0;0.01570456
46.5344;-9.63595;61.9924;220347.0;51500500.0;0.009242749
40.397;-10.5057;68.3606;335947.0;43919900.0;0.02275522
46.0538;-9.79563;62.863;224979.0;50009100.0;0.0107352
43.0842;-10.2418;66.5546;270667.0;45553800.0;0.01679306
46.2901;-9.78613;62.4585;221765.0;49949900.0;0.009000457
44.6934;-10.0078;64.3442;250309.0;48484500.0;0.01630933
47.231;-9.50629;61.3078;206816.0;51848000.0;0.0001343819
46.9128;-9.58389;61.6376;212366.0;51441500.0;0.005174517
45.2606;-9.84648;64.0274;237049.0;49165900.0;0.01362343
47.1324;-9.40564;61.0262;213107.0;53263400.0;0.004580894
45.8174;-9.81513;63.0739;229171.0;49748400.0;0.01184307
42.8023;-10.2231;66.8201;278010.0;45826600.0;0.01795173
42.4725;-10.3811;66.9833;282483.0;44829300.0;0.01813858
46.8587;-9.58243;61.5465;216621.0;51888000.0;0.006414452
32.9689;-11.2426;72.451;582922.0;38320000.0;0.02396727
47.2094;-9.50889;61.0989;208470.0;52077600.0;0.0004586365
46.1831;-9.68429;62.3626;227696.0;51262300.0;0.01121242
47.0212;-9.47174;61.0447;216706.0;53063700.0;0.005099573
46.9795;-9.5429;61.3935;213635.0;52040100.0;0.004311837
44.3951;-10.0039;64.755;254134.0;48322800.0;0.0172119
47.1015;-9.49837;61.3646;209869.0;51815500.0;0.003024509
35.1926;-10.9464;71.4768;501653.0;40276500.0;0.02635029
46.0432;-9.7764;62.8084;226252.0;50049200.0;0.01070789
46.2884;-9.64339;62.5298;222237.0;51026500.0;0.009935842
46.1668;-9.75062;62.8027;222564.0;50043400.0;0.00974489
31.3191;-11.2532;73.2885;660183.0;37979900.0;0.02538795
39.7241;-10.6265;68.7102;356264.0;43496900.0;0.02618061
47.1933;-9.44386;60.7858;212347.0;53006400.0;0.002013705
34.7917;-11.001;71.7357;499639.0;39104900.0;0.02219528
46.3443;-9.64481;61.8456;226911.0;51764200.0;0.01127056
47.1136;-9.526;61.1067;211295.0;52237700.0;0.001835732
